Country_code,Country,Job Title,Age,Quantity,Percentage
DE,Germany,Automatic Data Processing Customer Liaison (ADP Customer Liaison),26,1,0.01%
DE,Germany,Automatic Data Processing Customer Liaison (ADP Customer Liaison),27,2,0.02%
DE,Germany,Automatic Data Processing Customer Liaison (ADP Customer Liaison),31,1,0.01%
DE,Germany,Automatic Data Processing Customer Liaison (ADP Customer Liaison),44,1,0.01%
DE,Germany,Automatic Data Processing Customer Liaison (ADP Customer Liaison),47,1,0.01%
DE,Germany,Automatic Data Processing Customer Liaison (ADP Customer Liaison),56,1,0.01%
DE,Germany,Automatic Data Processing Planner,30,1,0.01%
DE,Germany,Automatic Data Processing Planner,32,2,0.02%
DE,Germany,Automatic Data Processing Planner,33,1,0.01%
DE,Germany,Automatic Data Processing Planner,40,1,0.01%
DE,Germany,Automatic Data Processing Planner,43,1,0.01%
DE,Germany,Automatic Data Processing Planner,44,2,0.02%
DE,Germany,Automatic Data Processing Planner,68,1,0.01%
DE,Germany,Automatic Data Processing Planner (ADP Planner),23,1,0.01%
DE,Germany,Automatic Data Processing Planner (ADP Planner),28,1,0.01%
DE,Germany,Automatic Data Processing Planner (ADP Planner),30,1,0.01%
DE,Germany,Automatic Data Processing Planner (ADP Planner),31,1,0.01%
DE,Germany,Automatic Data Processing Planner (ADP Planner),32,1,0.01%
DE,Germany,Automatic Data Processing Planner (ADP Planner),38,1,0.01%
DE,Germany,Automatic Data Processing Planner (ADP Planner),43,1,0.01%
DE,Germany,Automatic Data Processing Planner (ADP Planner),44,2,0.02%
DE,Germany,Automatic Data Processing Planner (ADP Planner),46,1,0.01%
DE,Germany,Automatic Data Processing Planner (ADP Planner),49,1,0.01%
DE,Germany,Automatic Data Processing Planner (ADP Planner),57,1,0.01%
DE,Germany,Automatic Data Processing Planner (ADP Planner),62,1,0.01%
DE,Germany,Automatic Data Processing Systems Security Specialist (ADP Systems Security),22,1,0.01%
DE,Germany,Automatic Data Processing Systems Security Specialist (ADP Systems Security),23,1,0.01%
DE,Germany,Automatic Data Processing Systems Security Specialist (ADP Systems Security),29,1,0.01%
DE,Germany,Automatic Data Processing Systems Security Specialist (ADP Systems Security),30,1,0.01%
DE,Germany,Automatic Data Processing Systems Security Specialist (ADP Systems Security),39,1,0.01%
DE,Germany,Automatic Data Processing Systems Security Specialist (ADP Systems Security),46,1,0.01%
DE,Germany,Automatic Data Processing Systems Security Specialist (ADP Systems Security),52,2,0.02%
DE,Germany,Automatic Data Processing Systems Security Specialist (ADP Systems Security),58,1,0.01%
DE,Germany,Business Database Analyst,29,1,0.01%
DE,Germany,Clinical Data Abstractor,32,1,0.01%
DE,Germany,Clinical Data Abstractor,37,1,0.01%
DE,Germany,Clinical Data Abstractor,51,1,0.01%
DE,Germany,Clinical Data Abstractor,52,1,0.01%
DE,Germany,Clinical Data Analyst,48,1,0.01%
DE,Germany,Clinical Data Analyst,55,1,0.01%
DE,Germany,Clinical Data Associate,44,1,0.01%
DE,Germany,Clinical Data Coordinator,20,1,0.01%
DE,Germany,Clinical Data Coordinator,37,1,0.01%
DE,Germany,Clinical Data Coordinator,44,1,0.01%
DE,Germany,Clinical Data Management Associate Director,31,1,0.01%
DE,Germany,Clinical Data Management Associate Director,51,1,0.01%
DE,Germany,Clinical Data Management Associate Director,56,1,0.01%
DE,Germany,Clinical Data Management Manager (CDM Manager),45,1,0.01%
DE,Germany,Clinical Data Manager,32,1,0.01%
DE,Germany,Clinical Trials Data Coordinator,45,1,0.01%
DE,Germany,Computer or Data Processing Systems Consultant,24,1,0.01%
DE,Germany,Computer or Data Processing Systems Consultant,25,1,0.01%
DE,Germany,Computer or Data Processing Systems Consultant,30,1,0.01%
DE,Germany,Computer or Data Processing Systems Consultant,31,1,0.01%
DE,Germany,Computer or Data Processing Systems Consultant,32,1,0.01%
DE,Germany,Computer or Data Processing Systems Consultant,40,1,0.01%
DE,Germany,Computer or Data Processing Systems Consultant,45,2,0.02%
DE,Germany,Computer or Data Processing Systems Consultant,49,1,0.01%
DE,Germany,Computer or Data Processing Systems Consultant,56,1,0.01%
DE,Germany,Computer or Data Processing Systems Consultant,57,1,0.01%
DE,Germany,Computer or Data Processing Systems Consultant,62,1,0.01%
DE,Germany,Crime Data Specialist,28,1,0.01%
DE,Germany,Customer Data Technician,49,1,0.01%
DE,Germany,Customer Data Technician,64,1,0.01%
DE,Germany,Data Abstractor,31,1,0.01%
DE,Germany,Data Abstractor,50,1,0.01%
DE,Germany,Data Administrator,25,1,0.01%
DE,Germany,Data Administrator,32,1,0.01%
DE,Germany,Data Administrator,36,1,0.01%
DE,Germany,Data Administrator,37,3,0.04%
DE,Germany,Data Administrator,38,1,0.01%
DE,Germany,Data Administrator,44,1,0.01%
DE,Germany,Data Administrator,49,1,0.01%
DE,Germany,Data Administrator,51,1,0.01%
DE,Germany,Data Administrator,55,2,0.02%
DE,Germany,Data Administrator,61,1,0.01%
DE,Germany,Data Architect,23,1,0.01%
DE,Germany,Data Architect,25,1,0.01%
DE,Germany,Data Architect,30,1,0.01%
DE,Germany,Data Architect,35,1,0.01%
DE,Germany,Data Architect,42,1,0.01%
DE,Germany,Data Architect,44,1,0.01%
DE,Germany,Data Architect,46,1,0.01%
DE,Germany,Data Architect,48,1,0.01%
DE,Germany,Data Architect,49,1,0.01%
DE,Germany,Data Architect,51,1,0.01%
DE,Germany,Data Architect,52,1,0.01%
DE,Germany,Data Architect,54,1,0.01%
DE,Germany,Data Architect,61,1,0.01%
DE,Germany,Data Base Design Analyst,25,1,0.01%
DE,Germany,Data Base Design Analyst,28,1,0.01%
DE,Germany,Data Base Design Analyst,34,2,0.02%
DE,Germany,Data Base Design Analyst,37,1,0.01%
DE,Germany,Data Base Design Analyst,45,1,0.01%
DE,Germany,Data Base Design Analyst,46,1,0.01%
DE,Germany,Data Base Design Analyst,49,1,0.01%
DE,Germany,Data Base Design Analyst,52,1,0.01%
DE,Germany,Data Base Design Analyst,62,1,0.01%
DE,Germany,Data Center Manager,36,1,0.01%
DE,Germany,Data Center Manager,46,1,0.01%
DE,Germany,Data Center Operator,20,1,0.01%
DE,Germany,Data Center Operator,40,1,0.01%
DE,Germany,Data Center Operator,51,1,0.01%
DE,Germany,Data Center Operator,52,1,0.01%
DE,Germany,Data Center Operator,59,1,0.01%
DE,Germany,Data Coder Operator,56,1,0.01%
DE,Germany,Data Collection Technician,48,1,0.01%
DE,Germany,Data Collection Technician,51,1,0.01%
DE,Germany,Data Collection Technician,53,1,0.01%
DE,Germany,Data Communications Analyst,24,1,0.01%
DE,Germany,Data Communications Analyst,29,1,0.01%
DE,Germany,Data Communications Analyst,30,1,0.01%
DE,Germany,Data Communications Analyst,31,1,0.01%
DE,Germany,Data Communications Analyst,32,1,0.01%
DE,Germany,Data Communications Analyst,42,1,0.01%
DE,Germany,Data Communications Analyst,43,1,0.01%
DE,Germany,Data Communications Analyst,47,1,0.01%
DE,Germany,Data Communications Analyst,49,1,0.01%
DE,Germany,Data Communications Analyst,50,1,0.01%
DE,Germany,Data Communications Analyst,51,1,0.01%
DE,Germany,Data Communications Analyst,58,1,0.01%
DE,Germany,Data Communications Analyst,65,1,0.01%
DE,Germany,Data Communications Software Consultant,27,1,0.01%
DE,Germany,Data Communications Software Consultant,28,1,0.01%
DE,Germany,Data Communications Software Consultant,36,1,0.01%
DE,Germany,Data Communications Software Consultant,37,1,0.01%
DE,Germany,Data Communications Software Consultant,41,2,0.02%
DE,Germany,Data Communications Software Consultant,42,1,0.01%
DE,Germany,Data Communications Software Consultant,44,1,0.01%
DE,Germany,Data Communications Software Consultant,48,1,0.01%
DE,Germany,Data Communications Software Consultant,63,1,0.01%
DE,Germany,Data Compiler,48,1,0.01%
DE,Germany,Data Compiler,55,1,0.01%
DE,Germany,Data Control Clerk Supervisor,47,1,0.01%
DE,Germany,Data Conversion Operator,44,1,0.01%
DE,Germany,Data Conversion Operator,46,1,0.01%
DE,Germany,Data Conversion Operator,67,1,0.01%
DE,Germany,Data Coordinator,23,1,0.01%
DE,Germany,Data Coordinator,34,1,0.01%
DE,Germany,Data Coordinator,35,1,0.01%
DE,Germany,Data Coordinator,37,1,0.01%
DE,Germany,Data Coordinator,45,2,0.02%
DE,Germany,Data Coordinator,48,1,0.01%
DE,Germany,Data Coordinator,53,1,0.01%
DE,Germany,Data Coordinator,56,1,0.01%
DE,Germany,Data Coordinator,64,1,0.01%
DE,Germany,Data Coordinator,66,1,0.01%
DE,Germany,Data Entry Machine Operator,27,1,0.01%
DE,Germany,Data Entry Representative,29,1,0.01%
DE,Germany,Data Entry Representative,32,1,0.01%
DE,Germany,Data Entry Supervisor,38,1,0.01%
DE,Germany,Data Entry Supervisor,47,1,0.01%
DE,Germany,Data Entry Technician,23,1,0.01%
DE,Germany,Data Entry Technician,41,1,0.01%
DE,Germany,Data Entry Technician,48,1,0.01%
DE,Germany,Data Input Clerk,47,1,0.01%
DE,Germany,Data Input Clerk,48,1,0.01%
DE,Germany,Data Keyer,26,1,0.01%
DE,Germany,Data Keyer,51,1,0.01%
DE,Germany,Data Management Associate,28,1,0.01%
DE,Germany,Data Management Associate,39,1,0.01%
DE,Germany,Data Management Associate,45,1,0.01%
DE,Germany,Data Management Associate,53,2,0.02%
DE,Germany,Data Management Information Technology Specialist,23,1,0.01%
DE,Germany,Data Management Information Technology Specialist,24,1,0.01%
DE,Germany,Data Management Information Technology Specialist,27,1,0.01%
DE,Germany,Data Management Information Technology Specialist,31,1,0.01%
DE,Germany,Data Management Information Technology Specialist,34,1,0.01%
DE,Germany,Data Management Information Technology Specialist,36,1,0.01%
DE,Germany,Data Management Information Technology Specialist,49,1,0.01%
DE,Germany,Data Management Information Technology Specialist,50,1,0.01%
DE,Germany,Data Management Information Technology Specialist,54,1,0.01%
DE,Germany,Data Management Information Technology Specialist,58,1,0.01%
DE,Germany,Data Management Information Technology Specialist,65,1,0.01%
DE,Germany,Data Management Manager,31,1,0.01%
DE,Germany,Data Manager,67,1,0.01%
DE,Germany,Data Miner,30,2,0.02%
DE,Germany,Data Miner,33,1,0.01%
DE,Germany,Data Miner,46,1,0.01%
DE,Germany,Data Miner,48,2,0.02%
DE,Germany,Data Miner,52,1,0.01%
DE,Germany,Data Miner,54,1,0.01%
DE,Germany,Data Modeler,49,1,0.01%
DE,Germany,Data Modeling Specialist,21,1,0.01%
DE,Germany,Data Modeling Specialist,26,1,0.01%
DE,Germany,Data Modeling Specialist,31,1,0.01%
DE,Germany,Data Modeling Specialist,35,1,0.01%
DE,Germany,Data Modeling Specialist,36,1,0.01%
DE,Germany,Data Modeling Specialist,45,1,0.01%
DE,Germany,Data Modeling Specialist,47,1,0.01%
DE,Germany,Data Modeling Specialist,48,1,0.01%
DE,Germany,Data Modeling Specialist,49,1,0.01%
DE,Germany,Data Modeling Specialist,51,1,0.01%
DE,Germany,Data Modeling Specialist,54,1,0.01%
DE,Germany,Data Modeling Specialist,60,1,0.01%
DE,Germany,Data Officer,23,1,0.01%
DE,Germany,Data Officer,24,1,0.01%
DE,Germany,Data Officer,29,2,0.02%
DE,Germany,Data Officer,33,2,0.02%
DE,Germany,Data Officer,39,1,0.01%
DE,Germany,Data Officer,42,1,0.01%
DE,Germany,Data Officer,43,1,0.01%
DE,Germany,Data Officer,44,2,0.02%
DE,Germany,Data Officer,45,1,0.01%
DE,Germany,Data Officer,47,1,0.01%
DE,Germany,Data Officer,48,1,0.01%
DE,Germany,Data Officer,49,1,0.01%
DE,Germany,Data Officer,57,1,0.01%
DE,Germany,Data Officer,60,1,0.01%
DE,Germany,Data Officer,61,1,0.01%
DE,Germany,Data Operations Director,50,1,0.01%
DE,Germany,Data Operations Director,53,2,0.02%
DE,Germany,Data Processing Auditor,31,1,0.01%
DE,Germany,Data Processing Auditor,35,1,0.01%
DE,Germany,Data Processing Auditor,51,1,0.01%
DE,Germany,Data Processing Auditor,55,2,0.02%
DE,Germany,Data Processing Auxiliary Equipment Operator,39,2,0.02%
DE,Germany,Data Processing Clerk,51,1,0.01%
DE,Germany,Data Processing Consultant,31,1,0.01%
DE,Germany,Data Processing Consultant,32,1,0.01%
DE,Germany,Data Processing Consultant,34,1,0.01%
DE,Germany,Data Processing Consultant,36,1,0.01%
DE,Germany,Data Processing Consultant,37,1,0.01%
DE,Germany,Data Processing Consultant,44,1,0.01%
DE,Germany,Data Processing Consultant,46,1,0.01%
DE,Germany,Data Processing Consultant,48,1,0.01%
DE,Germany,Data Processing Consultant,49,1,0.01%
DE,Germany,Data Processing Consultant,57,1,0.01%
DE,Germany,Data Processing Control Clerk,44,1,0.01%
DE,Germany,Data Processing Equipment Repairer,47,1,0.01%
DE,Germany,Data Processing Manager,25,1,0.01%
DE,Germany,Data Processing Manager,26,1,0.01%
DE,Germany,Data Processing Manager,27,1,0.01%
DE,Germany,Data Processing Manager,29,1,0.01%
DE,Germany,Data Processing Manager,31,1,0.01%
DE,Germany,Data Processing Manager,42,1,0.01%
DE,Germany,Data Processing Manager,47,1,0.01%
DE,Germany,Data Processing Manager,49,1,0.01%
DE,Germany,Data Processing Manager,52,2,0.02%
DE,Germany,Data Processing Manager,53,1,0.01%
DE,Germany,Data Processing Services Sales Representative,23,1,0.01%
DE,Germany,Data Processing Services Sales Representative,39,1,0.01%
DE,Germany,Data Processing Services Sales Representative,45,1,0.01%
DE,Germany,Data Processing Services Sales Representative,49,1,0.01%
DE,Germany,Data Processing Supervisor,44,1,0.01%
DE,Germany,Data Processing Systems Analyst,26,1,0.01%
DE,Germany,Data Processing Systems Analyst,31,1,0.01%
DE,Germany,Data Processing Systems Analyst,32,1,0.01%
DE,Germany,Data Processing Systems Analyst,35,1,0.01%
DE,Germany,Data Processing Systems Analyst,40,1,0.01%
DE,Germany,Data Processing Systems Analyst,47,1,0.01%
DE,Germany,Data Processing Systems Analyst,53,1,0.01%
DE,Germany,Data Processing Systems Analyst,57,1,0.01%
DE,Germany,Data Processing Systems Project Planner,39,1,0.01%
DE,Germany,Data Processing Systems Project Planner,41,1,0.01%
DE,Germany,Data Processing Systems Project Planner,43,1,0.01%
DE,Germany,Data Processing Systems Project Planner,46,1,0.01%
DE,Germany,Data Processing Systems Project Planner,51,1,0.01%
DE,Germany,Data Processing Systems Project Planner,55,2,0.02%
DE,Germany,Data Processing Systems Project Planner,56,1,0.01%
DE,Germany,Data Processing Systems Project Planner,57,1,0.01%
DE,Germany,Data Processing Systems Project Planner,65,1,0.01%
DE,Germany,Data Processor,39,1,0.01%
DE,Germany,Data Processor,45,1,0.01%
DE,Germany,Data Processor,47,1,0.01%
DE,Germany,Data Recovery Planner,45,1,0.01%
DE,Germany,Data Reduction Technician,33,1,0.01%
DE,Germany,Data Reduction Technician,62,1,0.01%
DE,Germany,Data Sciences Director,45,1,0.01%
DE,Germany,Data Sciences Director,52,1,0.01%
DE,Germany,Data Scientist,39,1,0.01%
DE,Germany,Data Scientist,40,2,0.02%
DE,Germany,Data Scientist,48,1,0.01%
DE,Germany,Data Scientist,52,1,0.01%
DE,Germany,Data Scientist,53,1,0.01%
DE,Germany,Data Scientist,54,1,0.01%
DE,Germany,Data Scientist,55,1,0.01%
DE,Germany,Data Security Administrator,24,1,0.01%
DE,Germany,Data Security Administrator,29,3,0.04%
DE,Germany,Data Security Administrator,30,1,0.01%
DE,Germany,Data Security Administrator,36,1,0.01%
DE,Germany,Data Security Administrator,39,1,0.01%
DE,Germany,Data Security Administrator,41,2,0.02%
DE,Germany,Data Security Administrator,51,1,0.01%
DE,Germany,Data Security Administrator,52,1,0.01%
DE,Germany,Data Security Administrator,63,1,0.01%
DE,Germany,Data Security Analyst,26,1,0.01%
DE,Germany,Data Security Analyst,34,1,0.01%
DE,Germany,Data Security Analyst,35,1,0.01%
DE,Germany,Data Security Analyst,41,1,0.01%
DE,Germany,Data Security Analyst,43,2,0.02%
DE,Germany,Data Security Analyst,47,1,0.01%
DE,Germany,Data Security Analyst,53,1,0.01%
DE,Germany,Data Security Analyst,54,1,0.01%
DE,Germany,Data Specialist,33,1,0.01%
DE,Germany,Data Specialist,59,1,0.01%
DE,Germany,Data Storage Specialist,29,1,0.01%
DE,Germany,Data Storage Specialist,30,3,0.04%
DE,Germany,Data Storage Specialist,36,2,0.02%
DE,Germany,Data Storage Specialist,40,1,0.01%
DE,Germany,Data Storage Specialist,47,1,0.01%
DE,Germany,Data Storage Specialist,49,1,0.01%
DE,Germany,Data Storage Specialist,51,1,0.01%
DE,Germany,Data Storage Specialist,54,1,0.01%
DE,Germany,Data Storage Specialist,56,2,0.02%
DE,Germany,Data Storage Specialist,57,1,0.01%
DE,Germany,Data Storage Specialist,58,1,0.01%
DE,Germany,Data Storage Specialist,59,1,0.01%
DE,Germany,Data Systems Manager,34,1,0.01%
DE,Germany,Data Systems Manager,36,2,0.02%
DE,Germany,Data Systems Manager,37,1,0.01%
DE,Germany,Data Systems Manager,39,2,0.02%
DE,Germany,Data Systems Manager,44,1,0.01%
DE,Germany,Data Systems Manager,46,1,0.01%
DE,Germany,Data Systems Manager,51,2,0.02%
DE,Germany,Data Technician,31,1,0.01%
DE,Germany,Data Transcriber,23,1,0.01%
DE,Germany,Data Transcriber,39,1,0.01%
DE,Germany,Data Transcriber,46,1,0.01%
DE,Germany,Data Typist,56,1,0.01%
DE,Germany,Data Typist,65,1,0.01%
DE,Germany,Data Warehouse Analyst,24,1,0.01%
DE,Germany,Data Warehouse Analyst,35,1,0.01%
DE,Germany,Data Warehouse Analyst,44,2,0.02%
DE,Germany,Data Warehouse Analyst,47,1,0.01%
DE,Germany,Data Warehouse Analyst,49,1,0.01%
DE,Germany,Data Warehouse Analyst,50,1,0.01%
DE,Germany,Data Warehouse Analyst,52,1,0.01%
DE,Germany,Data Warehouse Analyst,61,1,0.01%
DE,Germany,Data Warehouse Architect,34,2,0.02%
DE,Germany,Data Warehouse Architect,39,2,0.02%
DE,Germany,Data Warehouse Architect,44,1,0.01%
DE,Germany,Data Warehouse Architect,47,1,0.01%
DE,Germany,Data Warehouse Architect,50,1,0.01%
DE,Germany,Data Warehouse Architect,52,1,0.01%
DE,Germany,Data Warehouse Architect,56,2,0.02%
DE,Germany,Data Warehouse Architect,57,1,0.01%
DE,Germany,Data Warehouse Architect,61,1,0.01%
DE,Germany,Data Warehouse Developer,23,1,0.01%
DE,Germany,Data Warehouse Developer,24,1,0.01%
DE,Germany,Data Warehouse Developer,26,1,0.01%
DE,Germany,Data Warehouse Developer,29,1,0.01%
DE,Germany,Data Warehouse Developer,31,1,0.01%
DE,Germany,Data Warehouse Developer,39,2,0.02%
DE,Germany,Data Warehouse Developer,42,1,0.01%
DE,Germany,Data Warehouse Developer,48,1,0.01%
DE,Germany,Data Warehouse Developer,49,1,0.01%
DE,Germany,Data Warehouse Developer,51,1,0.01%
DE,Germany,Data Warehouse Developer,53,1,0.01%
DE,Germany,Data Warehouse Developer,56,1,0.01%
DE,Germany,Data Warehouse Developer,66,1,0.01%
DE,Germany,Data Warehouse Developer,69,1,0.01%
DE,Germany,Data Warehouse Specialist,26,1,0.01%
DE,Germany,Data Warehouse Specialist,27,1,0.01%
DE,Germany,Data Warehouse Specialist,30,1,0.01%
DE,Germany,Data Warehouse Specialist,31,1,0.01%
DE,Germany,Data Warehouse Specialist,34,1,0.01%
DE,Germany,Data Warehouse Specialist,37,1,0.01%
DE,Germany,Data Warehouse Specialist,38,1,0.01%
DE,Germany,Data Warehouse Specialist,39,1,0.01%
DE,Germany,Data Warehouse Specialist,47,1,0.01%
DE,Germany,Data Warehouse Specialist,50,1,0.01%
DE,Germany,Data Warehouse Specialist,54,2,0.02%
DE,Germany,Data Warehousing Engineer,35,1,0.01%
DE,Germany,Data Warehousing Engineer,41,1,0.01%
DE,Germany,Data Warehousing Engineer,44,1,0.01%
DE,Germany,Data Warehousing Engineer,53,1,0.01%
DE,Germany,Data Warehousing Engineer,54,1,0.01%
DE,Germany,Data Warehousing Engineer,55,1,0.01%
DE,Germany,Data Warehousing Engineer,57,1,0.01%
DE,Germany,Data Warehousing Manager,28,1,0.01%
DE,Germany,Data Warehousing Manager,31,1,0.01%
DE,Germany,Data Warehousing Manager,35,1,0.01%
DE,Germany,Data Warehousing Manager,38,1,0.01%
DE,Germany,Data Warehousing Manager,39,1,0.01%
DE,Germany,Data Warehousing Manager,44,1,0.01%
DE,Germany,Data Warehousing Manager,46,1,0.01%
DE,Germany,Data Warehousing Manager,53,1,0.01%
DE,Germany,Data Warehousing Specialist,27,3,0.04%
DE,Germany,Data Warehousing Specialist,36,1,0.01%
DE,Germany,Data Warehousing Specialist,39,2,0.02%
DE,Germany,Data Warehousing Specialist,50,1,0.01%
DE,Germany,Data Warehousing Specialist,54,1,0.01%
DE,Germany,Data Warehousing Specialist,56,1,0.01%
DE,Germany,Data Warehousing Specialist,57,1,0.01%
DE,Germany,Data Warehousing Specialist,68,1,0.01%
DE,Germany,Database Administration Associate,22,1,0.01%
DE,Germany,Database Administration Associate,44,1,0.01%
DE,Germany,Database Administration Associate,45,1,0.01%
DE,Germany,Database Administration Associate,49,2,0.02%
DE,Germany,Database Administration Associate,51,1,0.01%
DE,Germany,Database Administration Associate,55,1,0.01%
DE,Germany,Database Administration Associate,56,1,0.01%
DE,Germany,Database Administration Associate,57,1,0.01%
DE,Germany,Database Administration Manager,30,2,0.02%
DE,Germany,Database Administration Manager,33,1,0.01%
DE,Germany,Database Administration Manager,34,2,0.02%
DE,Germany,Database Administration Manager,36,1,0.01%
DE,Germany,Database Administration Manager,37,1,0.01%
DE,Germany,Database Administration Manager,38,1,0.01%
DE,Germany,Database Administration Manager,40,1,0.01%
DE,Germany,Database Administration Manager,45,1,0.01%
DE,Germany,Database Administration Manager,49,1,0.01%
DE,Germany,Database Administration Manager,50,1,0.01%
DE,Germany,Database Administration Manager,55,1,0.01%
DE,Germany,Database Administration Manager,57,1,0.01%
DE,Germany,Database Administration Project Manager,22,1,0.01%
DE,Germany,Database Administration Project Manager,29,1,0.01%
DE,Germany,Database Administration Project Manager,46,1,0.01%
DE,Germany,Database Administrator (DBA),33,1,0.01%
DE,Germany,Database Administrator (DBA),34,1,0.01%
DE,Germany,Database Administrator (DBA),57,1,0.01%
DE,Germany,Database Administrator (DBA),66,1,0.01%
DE,Germany,Database Analyst,23,1,0.01%
DE,Germany,Database Analyst,28,1,0.01%
DE,Germany,Database Analyst,45,1,0.01%
DE,Germany,Database Analyst,47,1,0.01%
DE,Germany,Database Analyst,49,1,0.01%
DE,Germany,Database Analyst,60,1,0.01%
DE,Germany,Database Architect,30,1,0.01%
DE,Germany,Database Architect,32,1,0.01%
DE,Germany,Database Architect,34,1,0.01%
DE,Germany,Database Architect,35,1,0.01%
DE,Germany,Database Architect,44,1,0.01%
DE,Germany,Database Architect,47,1,0.01%
DE,Germany,Database Architect,51,1,0.01%
DE,Germany,Database Architect,52,2,0.02%
DE,Germany,Database Consultant,22,2,0.02%
DE,Germany,Database Consultant,31,1,0.01%
DE,Germany,Database Consultant,33,1,0.01%
DE,Germany,Database Consultant,37,1,0.01%
DE,Germany,Database Consultant,41,1,0.01%
DE,Germany,Database Consultant,44,1,0.01%
DE,Germany,Database Consultant,47,1,0.01%
DE,Germany,Database Consultant,50,3,0.04%
DE,Germany,Database Consultant,51,1,0.01%
DE,Germany,Database Consultant,54,1,0.01%
DE,Germany,Database Coordinator,26,1,0.01%
DE,Germany,Database Coordinator,28,1,0.01%
DE,Germany,Database Coordinator,30,1,0.01%
DE,Germany,Database Coordinator,36,1,0.01%
DE,Germany,Database Coordinator,41,1,0.01%
DE,Germany,Database Coordinator,49,1,0.01%
DE,Germany,Database Coordinator,50,1,0.01%
DE,Germany,Database Coordinator,54,1,0.01%
DE,Germany,Database Coordinator,55,1,0.01%
DE,Germany,Database Design Analyst,44,1,0.01%
DE,Germany,Database Design Analyst,45,1,0.01%
DE,Germany,Database Design Analyst,57,1,0.01%
DE,Germany,Database Design Analyst,60,1,0.01%
DE,Germany,Database Designer,40,1,0.01%
DE,Germany,Database Designer,46,1,0.01%
DE,Germany,Database Designer,53,1,0.01%
DE,Germany,Database Designer,54,1,0.01%
DE,Germany,Database Designer,64,1,0.01%
DE,Germany,Database Developer,39,1,0.01%
DE,Germany,Database Developer,57,1,0.01%
DE,Germany,Database Development Project Manager,29,1,0.01%
DE,Germany,Database Development and Administration Project Manager,31,1,0.01%
DE,Germany,Database Development and Administration Project Manager,32,1,0.01%
DE,Germany,Database Development and Administration Project Manager,33,1,0.01%
DE,Germany,Database Development and Administration Project Manager,34,1,0.01%
DE,Germany,Database Development and Administration Project Manager,41,1,0.01%
DE,Germany,Database Development and Administration Project Manager,42,1,0.01%
DE,Germany,Database Development and Administration Project Manager,47,1,0.01%
DE,Germany,Database Development and Administration Project Manager,49,1,0.01%
DE,Germany,Database Development and Administration Project Manager,51,1,0.01%
DE,Germany,Database Development and Administration Project Manager,53,1,0.01%
DE,Germany,Database Development and Administration Project Manager,54,1,0.01%
DE,Germany,Database Development and Administration Project Manager,55,1,0.01%
DE,Germany,Database Engineer,31,1,0.01%
DE,Germany,Database Engineer,41,1,0.01%
DE,Germany,Database Engineer,44,1,0.01%
DE,Germany,Database Engineer,45,2,0.02%
DE,Germany,Database Engineer,48,2,0.02%
DE,Germany,Database Engineer,51,2,0.02%
DE,Germany,Database Engineer,55,1,0.01%
DE,Germany,Database Engineer,60,1,0.01%
DE,Germany,Database Engineer,64,1,0.01%
DE,Germany,Database Engineer,67,1,0.01%
DE,Germany,Database Management System Specialist (DBMS Specialist),24,1,0.01%
DE,Germany,Database Management System Specialist (DBMS Specialist),29,1,0.01%
DE,Germany,Database Management System Specialist (DBMS Specialist),30,1,0.01%
DE,Germany,Database Management System Specialist (DBMS Specialist),39,2,0.02%
DE,Germany,Database Management System Specialist (DBMS Specialist),43,2,0.02%
DE,Germany,Database Management System Specialist (DBMS Specialist),46,2,0.02%
DE,Germany,Database Management System Specialist (DBMS Specialist),50,1,0.01%
DE,Germany,Database Management System Specialist (DBMS Specialist),52,1,0.01%
DE,Germany,Database Management System Specialist (DBMS Specialist),55,1,0.01%
DE,Germany,Database Management System Specialist (DBMS Specialist),60,2,0.02%
DE,Germany,Database Management System Specialist (DBMS Specialist),61,1,0.01%
DE,Germany,Database Manager,25,1,0.01%
DE,Germany,Database Manager,31,1,0.01%
DE,Germany,Database Manager,35,1,0.01%
DE,Germany,Database Manager,37,2,0.02%
DE,Germany,Database Manager,42,1,0.01%
DE,Germany,Database Manager,44,2,0.02%
DE,Germany,Database Manager,48,1,0.01%
DE,Germany,Database Manager,49,1,0.01%
DE,Germany,Database Manager,56,1,0.01%
DE,Germany,Database Marketing Analyst,23,1,0.01%
DE,Germany,Database Marketing Analyst,29,1,0.01%
DE,Germany,Database Marketing Analyst,41,1,0.01%
DE,Germany,Database Marketing Analyst,46,1,0.01%
DE,Germany,Database Marketing Analyst,49,1,0.01%
DE,Germany,Database Marketing Analyst,53,2,0.02%
DE,Germany,Database Marketing Analyst,59,1,0.01%
DE,Germany,Database Modeler,28,1,0.01%
DE,Germany,Database Modeler,37,1,0.01%
DE,Germany,Database Modeler,38,1,0.01%
DE,Germany,Database Modeler,39,1,0.01%
DE,Germany,Database Modeler,45,1,0.01%
DE,Germany,Database Modeler,46,1,0.01%
DE,Germany,Database Modeler,49,1,0.01%
DE,Germany,Database Modeler,50,1,0.01%
DE,Germany,Database Modeler,51,1,0.01%
DE,Germany,Database Modeler,54,1,0.01%
DE,Germany,Database Modeler,55,1,0.01%
DE,Germany,Database Programmer,46,1,0.01%
DE,Germany,Database Security Administrator,37,1,0.01%
DE,Germany,Database Security Administrator,40,1,0.01%
DE,Germany,Database Security Administrator,47,1,0.01%
DE,Germany,Database Security Administrator,54,1,0.01%
DE,Germany,Database Security Administrator,58,1,0.01%
DE,Germany,Database Security Expert,29,1,0.01%
DE,Germany,Database Security Expert,33,1,0.01%
DE,Germany,Database Security Expert,45,2,0.02%
DE,Germany,Database Security Expert,46,1,0.01%
DE,Germany,Database Security Expert,48,1,0.01%
DE,Germany,Database Security Expert,59,1,0.01%
DE,Germany,Database Software Technician,21,1,0.01%
DE,Germany,Database Software Technician,24,2,0.02%
DE,Germany,Database Software Technician,27,1,0.01%
DE,Germany,Database Software Technician,31,1,0.01%
DE,Germany,Database Software Technician,33,1,0.01%
DE,Germany,Database Software Technician,37,1,0.01%
DE,Germany,Database Software Technician,43,1,0.01%
DE,Germany,Database Software Technician,44,1,0.01%
DE,Germany,Database Software Technician,50,1,0.01%
DE,Germany,Database Software Technician,53,1,0.01%
DE,Germany,Database Specialist,26,1,0.01%
DE,Germany,Database Specialist,27,1,0.01%
DE,Germany,Database Specialist,36,1,0.01%
DE,Germany,Database Specialist,37,2,0.02%
DE,Germany,Database Specialist,41,1,0.01%
DE,Germany,Database Specialist,44,1,0.01%
DE,Germany,Database Specialist,51,1,0.01%
DE,Germany,Database Specialist,52,1,0.01%
DE,Germany,Database Specialist,53,1,0.01%
DE,Germany,Database Specialist,59,1,0.01%
DE,Germany,Database Tester,30,1,0.01%
DE,Germany,Database Tester,39,1,0.01%
DE,Germany,Database Tester,46,1,0.01%
DE,Germany,Database Tester,47,1,0.01%
DE,Germany,Database Tester,48,1,0.01%
DE,Germany,Database Tester,49,1,0.01%
DE,Germany,Database Tester,52,1,0.01%
DE,Germany,Databases Computer Consultant,35,1,0.01%
DE,Germany,Databases Computer Consultant,36,2,0.02%
DE,Germany,Databases Computer Consultant,39,1,0.01%
DE,Germany,Databases Computer Consultant,43,1,0.01%
DE,Germany,Databases Computer Consultant,49,1,0.01%
DE,Germany,Databases Computer Consultant,51,1,0.01%
DE,Germany,Databases Computer Consultant,58,1,0.01%
DE,Germany,Databases Software Consultant,21,1,0.01%
DE,Germany,Databases Software Consultant,45,1,0.01%
DE,Germany,Databases Software Consultant,46,1,0.01%
DE,Germany,Databases Software Consultant,48,2,0.02%
DE,Germany,Databases Software Consultant,51,1,0.01%
DE,Germany,Datastage Developer,30,1,0.01%
DE,Germany,Datastage Developer,42,1,0.01%
DE,Germany,Datastage Developer,64,1,0.01%
DE,Germany,Director of Data Operations,34,1,0.01%
DE,Germany,Director of Data Operations,41,1,0.01%
DE,Germany,Director of Data Operations,48,1,0.01%
DE,Germany,Director of Data Operations,50,1,0.01%
DE,Germany,Director of Data Operations,55,2,0.02%
DE,Germany,Director of Data Operations,57,1,0.01%
DE,Germany,Electronic Data Interchange System Developer (EDI System Developer),21,1,0.01%
DE,Germany,Electronic Data Interchange System Developer (EDI System Developer),28,1,0.01%
DE,Germany,Electronic Data Interchange System Developer (EDI System Developer),32,1,0.01%
DE,Germany,Electronic Data Interchange System Developer (EDI System Developer),34,1,0.01%
DE,Germany,Electronic Data Interchange System Developer (EDI System Developer),35,1,0.01%
DE,Germany,Electronic Data Interchange System Developer (EDI System Developer),39,1,0.01%
DE,Germany,Electronic Data Interchange System Developer (EDI System Developer),45,1,0.01%
DE,Germany,Electronic Data Interchange System Developer (EDI System Developer),56,1,0.01%
DE,Germany,Electronic Data Interchange System Developer (EDI System Developer),59,1,0.01%
DE,Germany,Electronic Data Interchange System Developer (EDI System Developer),61,1,0.01%
DE,Germany,Electronic Data Interchange System Developer (EDI System Developer),62,1,0.01%
DE,Germany,Electronic Data Interchange System Developer (EDI System Developer),63,1,0.01%
DE,Germany,Electronic Data Interchange System Developer (EDI System Developer),67,1,0.01%
DE,Germany,Electronic Data Processing Auditor (EDP Auditor),31,1,0.01%
DE,Germany,Electronic Data Processing Auditor (EDP Auditor),33,1,0.01%
DE,Germany,Electronic Data Processing Auditor (EDP Auditor),36,1,0.01%
DE,Germany,Electronic Data Processing Auditor (EDP Auditor),37,1,0.01%
DE,Germany,Electronic Data Processing Auditor (EDP Auditor),38,1,0.01%
DE,Germany,Electronic Data Processing Auditor (EDP Auditor),47,2,0.02%
DE,Germany,Electronic Data Processing Auditor (EDP Auditor),49,2,0.02%
DE,Germany,"Engineer, System Electronic Data Processing (Engineer, System EDP)",24,1,0.01%
DE,Germany,"Engineer, System Electronic Data Processing (Engineer, System EDP)",29,1,0.01%
DE,Germany,"Engineer, System Electronic Data Processing (Engineer, System EDP)",33,1,0.01%
DE,Germany,"Engineer, System Electronic Data Processing (Engineer, System EDP)",38,1,0.01%
DE,Germany,"Engineer, System Electronic Data Processing (Engineer, System EDP)",41,1,0.01%
DE,Germany,"Engineer, System Electronic Data Processing (Engineer, System EDP)",44,1,0.01%
DE,Germany,"Engineer, System Electronic Data Processing (Engineer, System EDP)",51,1,0.01%
DE,Germany,"Engineer, System Electronic Data Processing (Engineer, System EDP)",52,1,0.01%
DE,Germany,"Engineer, System Electronic Data Processing (Engineer, System EDP)",53,1,0.01%
DE,Germany,"Engineer, System Electronic Data Processing (Engineer, System EDP)",54,1,0.01%
DE,Germany,"Engineer, System Electronic Data Processing (Engineer, System EDP)",59,1,0.01%
DE,Germany,Field Artillery Automated Tactical Data System Specialist,49,1,0.01%
DE,Germany,Field Traffic Data Technician,35,1,0.01%
DE,Germany,Field Traffic Data Technician,49,1,0.01%
DE,Germany,Flight Data Technician,32,1,0.01%
DE,Germany,Flight Data Technician,46,1,0.01%
DE,Germany,Flight Data Technician,49,1,0.01%
DE,Germany,Flight Data Technician,63,1,0.01%
DE,Germany,Flight Test Data Acquisition Technician,26,1,0.01%
DE,Germany,Flight Test Data Acquisition Technician,46,1,0.01%
DE,Germany,GPS Field Data Collector (Global Positioning System Field Data Collector),47,2,0.02%
DE,Germany,GPS Field Data Collector (Global Positioning System Field Data Collector),56,1,0.01%
DE,Germany,GPS Field Data Collector (Global Positioning System Field Data Collector),57,1,0.01%
DE,Germany,Geographic Information Systems Data Administrator (GIS Data Administrator),29,1,0.01%
DE,Germany,Geographic Information Systems Data Administrator (GIS Data Administrator),30,3,0.04%
DE,Germany,Geographic Information Systems Data Administrator (GIS Data Administrator),44,1,0.01%
DE,Germany,Geographic Information Systems Data Administrator (GIS Data Administrator),49,1,0.01%
DE,Germany,Geographic Information Systems Data Administrator (GIS Data Administrator),52,1,0.01%
DE,Germany,Geographic Information Systems Data Administrator (GIS Data Administrator),57,1,0.01%
DE,Germany,Geographic Information Systems Data Administrator (GIS Data Administrator),59,1,0.01%
DE,Germany,Geographic Information Systems Data Administrator (GIS Data Administrator),65,1,0.01%
DE,Germany,Geographic Information Systems Data Manager (GIS Data Manager),33,1,0.01%
DE,Germany,Geographic Information Systems Data Manager (GIS Data Manager),34,1,0.01%
DE,Germany,Geographic Information Systems Data Manager (GIS Data Manager),41,1,0.01%
DE,Germany,Geographic Information Systems Data Manager (GIS Data Manager),44,2,0.02%
DE,Germany,Geographic Information Systems Data Manager (GIS Data Manager),45,2,0.02%
DE,Germany,Geographic Information Systems Data Manager (GIS Data Manager),54,1,0.01%
DE,Germany,Geographic Information Systems Data Manager (GIS Data Manager),63,1,0.01%
DE,Germany,Geographic Information Systems Data Manager (GIS Data Manager),67,1,0.01%
DE,Germany,Geographic Information Systems Data Specialist (GIS Data Specialist),25,2,0.02%
DE,Germany,Geographic Information Systems Data Specialist (GIS Data Specialist),28,1,0.01%
DE,Germany,Geographic Information Systems Data Specialist (GIS Data Specialist),30,1,0.01%
DE,Germany,Geographic Information Systems Data Specialist (GIS Data Specialist),36,1,0.01%
DE,Germany,Geographic Information Systems Data Specialist (GIS Data Specialist),38,1,0.01%
DE,Germany,Geographic Information Systems Data Specialist (GIS Data Specialist),42,1,0.01%
DE,Germany,Geographic Information Systems Data Specialist (GIS Data Specialist),45,1,0.01%
DE,Germany,Geographic Information Systems Data Specialist (GIS Data Specialist),46,1,0.01%
DE,Germany,Geographic Information Systems Data Specialist (GIS Data Specialist),47,1,0.01%
DE,Germany,Geographic Information Systems Data Specialist (GIS Data Specialist),51,1,0.01%
DE,Germany,Geographic Information Systems Data Specialist (GIS Data Specialist),52,1,0.01%
DE,Germany,Geographic Information Systems Data Specialist (GIS Data Specialist),53,1,0.01%
DE,Germany,Geographic Information Systems Data Specialist (GIS Data Specialist),57,1,0.01%
DE,Germany,Geographic Information Systems Data Specialist (GIS Data Specialist),58,1,0.01%
DE,Germany,Geographic Information Systems Database Administrator (GIS Database Administrator),23,1,0.01%
DE,Germany,Geographic Information Systems Database Administrator (GIS Database Administrator),30,1,0.01%
DE,Germany,Geographic Information Systems Database Administrator (GIS Database Administrator),31,2,0.02%
DE,Germany,Geographic Information Systems Database Administrator (GIS Database Administrator),34,1,0.01%
DE,Germany,Geographic Information Systems Database Administrator (GIS Database Administrator),38,1,0.01%
DE,Germany,Geographic Information Systems Database Administrator (GIS Database Administrator),45,2,0.02%
DE,Germany,Geographic Information Systems Database Administrator (GIS Database Administrator),48,1,0.01%
DE,Germany,Geographic Information Systems Database Administrator (GIS Database Administrator),57,2,0.02%
DE,Germany,Head of Information Systems and Data Processing,26,1,0.01%
DE,Germany,Head of Information Systems and Data Processing,27,1,0.01%
DE,Germany,Head of Information Systems and Data Processing,30,2,0.02%
DE,Germany,Head of Information Systems and Data Processing,37,1,0.01%
DE,Germany,Head of Information Systems and Data Processing,38,1,0.01%
DE,Germany,Head of Information Systems and Data Processing,45,2,0.02%
DE,Germany,Head of Information Systems and Data Processing,49,1,0.01%
DE,Germany,Head of Information Systems and Data Processing,50,1,0.01%
DE,Germany,Head of Information Systems and Data Processing,52,1,0.01%
DE,Germany,Head of Information Systems and Data Processing,54,1,0.01%
DE,Germany,Health Data Analyst,35,1,0.01%
DE,Germany,Internet Database Specialist,23,1,0.01%
DE,Germany,Internet Database Specialist,28,1,0.01%
DE,Germany,Internet Database Specialist,32,1,0.01%
DE,Germany,Internet Database Specialist,39,2,0.02%
DE,Germany,Internet Database Specialist,40,1,0.01%
DE,Germany,Internet Database Specialist,44,1,0.01%
DE,Germany,Internet Database Specialist,45,1,0.01%
DE,Germany,Internet Database Specialist,46,1,0.01%
DE,Germany,Internet Database Specialist,57,1,0.01%
DE,Germany,Internet Database Specialist,64,1,0.01%
DE,Germany,LiDAR Data Analyst,47,1,0.01%
DE,Germany,Log Data Technician,23,1,0.01%
DE,Germany,Log Data Technician,37,1,0.01%
DE,Germany,Log Data Technician,50,1,0.01%
DE,Germany,Maintenance Data Analyst,53,1,0.01%
DE,Germany,Marketing Database Analyst,36,1,0.01%
DE,Germany,Marketing Database Analyst,46,1,0.01%
DE,Germany,Marketing Database Analyst,66,1,0.01%
DE,Germany,Medical Data Analyst,21,1,0.01%
DE,Germany,Medical Data Analyst,49,1,0.01%
DE,Germany,Micro Computer Data Processor,34,1,0.01%
DE,Germany,Micro Computer Data Processor,48,1,0.01%
DE,Germany,Naval Tactical Data System--Combat Information Center Officer,53,1,0.01%
DE,Germany,"Naval Tactical Data System--Combat Information Center Watch Officer, Carrier Controlled Approach Controller",37,1,0.01%
DE,Germany,"Naval Tactical Data System--Combat Information Center Watch Officer, Carrier Controlled Approach Controller",39,1,0.01%
DE,Germany,"Naval Tactical Data System--Combat Information Center Watch Officer, Carrier Controlled Approach Controller",48,1,0.01%
DE,Germany,"Naval Tactical Data System--Combat Information Center Watch Officer, General",46,1,0.01%
DE,Germany,"Naval Tactical Data System--Combat Information Center Watch Officer, General",55,1,0.01%
DE,Germany,No Job,18,9,0.11%
DE,Germany,No Job,19,23,0.27%
DE,Germany,No Job,20,25,0.3%
DE,Germany,No Job,21,26,0.31%
DE,Germany,No Job,22,26,0.31%
DE,Germany,No Job,23,27,0.32%
DE,Germany,No Job,24,22,0.26%
DE,Germany,No Job,25,11,0.13%
DE,Germany,No Job,26,9,0.11%
DE,Germany,No Job,27,12,0.14%
DE,Germany,No Job,28,7,0.08%
DE,Germany,No Job,29,22,0.26%
DE,Germany,No Job,30,15,0.18%
DE,Germany,No Job,31,14,0.17%
DE,Germany,No Job,32,13,0.15%
DE,Germany,No Job,33,11,0.13%
DE,Germany,No Job,34,12,0.14%
DE,Germany,No Job,35,15,0.18%
DE,Germany,No Job,36,10,0.12%
DE,Germany,No Job,37,15,0.18%
DE,Germany,No Job,38,12,0.14%
DE,Germany,No Job,39,14,0.17%
DE,Germany,No Job,40,8,0.09%
DE,Germany,No Job,41,8,0.09%
DE,Germany,No Job,42,5,0.06%
DE,Germany,No Job,43,8,0.09%
DE,Germany,No Job,44,20,0.24%
DE,Germany,No Job,45,15,0.18%
DE,Germany,No Job,46,10,0.12%
DE,Germany,No Job,47,14,0.17%
DE,Germany,No Job,48,14,0.17%
DE,Germany,No Job,49,15,0.18%
DE,Germany,No Job,50,14,0.17%
DE,Germany,No Job,51,12,0.14%
DE,Germany,No Job,52,8,0.09%
DE,Germany,No Job,53,13,0.15%
DE,Germany,No Job,54,5,0.06%
DE,Germany,No Job,55,12,0.14%
DE,Germany,No Job,56,10,0.12%
DE,Germany,No Job,57,5,0.06%
DE,Germany,No Job,58,13,0.15%
DE,Germany,No Job,59,5,0.06%
DE,Germany,No Job,60,3,0.04%
DE,Germany,No Job,61,4,0.05%
DE,Germany,No Job,62,7,0.08%
DE,Germany,No Job,63,4,0.05%
DE,Germany,No Job,64,5,0.06%
DE,Germany,No Job,65,10,0.12%
DE,Germany,No Job,66,2,0.02%
DE,Germany,No Job,67,4,0.05%
DE,Germany,No Job,68,3,0.04%
DE,Germany,No Job,69,3,0.04%
DE,Germany,Oracle Database Administrator (Oracle DBA),25,1,0.01%
DE,Germany,Oracle Database Administrator (Oracle DBA),27,1,0.01%
DE,Germany,Oracle Database Administrator (Oracle DBA),34,2,0.02%
DE,Germany,Oracle Database Administrator (Oracle DBA),36,1,0.01%
DE,Germany,Oracle Database Administrator (Oracle DBA),37,2,0.02%
DE,Germany,Oracle Database Administrator (Oracle DBA),41,1,0.01%
DE,Germany,Oracle Database Administrator (Oracle DBA),43,1,0.01%
DE,Germany,Oracle Database Administrator (Oracle DBA),46,2,0.02%
DE,Germany,Oracle Database Administrator (Oracle DBA),48,1,0.01%
DE,Germany,Oracle Database Administrator (Oracle DBA),49,1,0.01%
DE,Germany,Oracle Database Administrator (Oracle DBA),50,1,0.01%
DE,Germany,Oracle Database Administrator (Oracle DBA),51,1,0.01%
DE,Germany,Oracle Database Administrator (Oracle DBA),54,1,0.01%
DE,Germany,Oracle Database Administrator (Oracle DBA),65,1,0.01%
DE,Germany,Oracle Database Administrator (Oracle DBA),67,1,0.01%
DE,Germany,SCADA Operator (Supervisory Control and Data Acquisition Operator),24,2,0.02%
DE,Germany,SCADA Operator (Supervisory Control and Data Acquisition Operator),47,1,0.01%
DE,Germany,SCADA Technician (Supervisory Control and Data Acquisition Technician),45,1,0.01%
DE,Germany,SQL Database Administrator,28,1,0.01%
DE,Germany,SQL Database Administrator,44,1,0.01%
DE,Germany,SQL Database Administrator,46,1,0.01%
DE,Germany,SQL Database Administrator,53,1,0.01%
DE,Germany,SQL Database Administrator,56,1,0.01%
DE,Germany,Survey Data Technician,47,1,0.01%
DE,Germany,Voice and Data Technician,24,1,0.01%
DE,Germany,Voice and Data Technician,26,1,0.01%
DE,Germany,Voice and Data Technician,34,1,0.01%
DE,Germany,Voice and Data Technician,40,1,0.01%
